{
  "a": 1.158377269903619,
  "b": 13.01521167128068,
  "c": -1.8190908443578477,
  "d": 0.019639864884346898
}